NUM_STUDENTS,600
FIRST_NAME,LAST_NAME,HOMEROOM,FIRST_PERIOD,GRADE,SESS_1_ID,SESS_1_ROOM,SESS_2_ID,SESS_2_ROOM,SESS_3_ID,SESS_3_ROOM,SESS_4_ID,SESS_4_ROOM
Benjamin,White,Ravenscroft S,Eversley A,7,34,Rutherford E,7,Ashford S,13,Radcliffe L,9,Quincy B
Lucas,Flores,Vance J,Marlowe S,7,4,Eversley A,16,Ormsby M,41,Whitmore H,17,Ingram O
Mason,King,Kingsley O,Beaumont S,7,19,Montgomery C,39,Abernathy S,5,Tennyson C,31,Galloway J
Isabella,King,Ravenscroft S,Wainwright J,7,13,Radcliffe L,12,Fitzwilliam E,3,Kingsley O,18,Kingsley H
Carter,Flores,Langley G,Langley G,7,17,Ingram O,8,Yardley A,11,Wainwright J,1,Marlowe B
Olivia,Hall,Whitmore C,Radcliffe L,7,37,Davenport W,12,Fitzwilliam E,7,Ashford S,14,Beaumont S
Emma,Jackson,Ingram O,Quincy B,7,6,Fitzwilliam J,8,Yardley A,9,Quincy B,1,Marlowe B
Oliver,Rivera,Rutherford E,Whitmore C,7,28,Ainsworth G,11,Wainwright J,18,Kingsley H,35,Vance J
Owen,Johnson,Fairfax R,Blackwood I,7,2,Greystone M,9,Quincy B,24,Blackwood I,20,Fairfax R
Jack,Clark,Yardley A,Montgomery C,7,1,Marlowe B,11,Wainwright J,19,Montgomery C,9,Quincy B
Ava,Hill,Rutherford E,Whitmore H,7,4,Eversley A,7,Ashford S,6,Fitzwilliam J,1,Marlowe B
Amelia,Roberts,Eversley A,Ravenscroft A,7,5,Tennyson C,9,Quincy B,33,Langley G,38,Marlowe S
Lily,Flores,Ainsworth G,Radcliffe L,7,7,Ashford S,12,Fitzwilliam E,13,Radcliffe L,15,Haverford G
Gianna,Robinson,Kingsley O,Montgomery C,7,15,Haverford G,10,Greystone O,20,Fairfax R,5,Tennyson C
Ellie,Gonzalez,Galloway J,Ravenscroft S,7,36,Kingsley D,38,Marlowe S,37,Davenport W,26,Whitmore C
Joseph,Miller,Vance J,Abernathy S,7,10,Greystone O,18,Kingsley H,24,Blackwood I,26,Whitmore C
Mia,Scott,Wainwright J,Marlowe B,7,6,Fitzwilliam J,2,Greystone M,5,Tennyson C,7,Ashford S
Ella,Torres,Eversley A,Haverford G,7,17,Ingram O,15,Haverford G,5,Tennyson C,2,Greystone M
Samuel,Harris,Ravenscroft S,Eversley A,7,20,Fairfax R,5,Tennyson C,19,Montgomery C,30,Sinclair J
Joseph,Hernandez,Yardley A,Whitmore C,7,16,Ormsby M,18,Kingsley H,7,Ashford S,9,Quincy B
Henry,Smith,Haverford G,Marlowe S,7,26,Whitmore C,13,Radcliffe L,8,Yardley A,11,Wainwright J
Lucas,Flores,Ashford S,Montgomery C,7,8,Yardley A,2,Greystone M,4,Eversley A,12,Fitzwilliam E
Liam,Martinez,Tennyson C,Eversley A,7,9,Quincy B,2,Greystone M,10,Greystone O,7,Ashford S
Mia,Green,Ainsworth G,Rutherford E,7,12,Fitzwilliam E,37,Davenport W,19,Montgomery C,26,Whitmore C
Wyatt,Smith,Fitzwilliam E,Greystone O,7,2,Greystone M,15,Haverford G,12,Fitzwilliam E,18,Kingsley H
Levi,Ramirez,Davenport W,Rutherford E,7,4,Eversley A,10,Greystone O,1,Marlowe B,3,Kingsley O
Emma,Williams,Fairfax O,Abernathy S,7,20,Fairfax R,2,Greystone M,26,Whitmore C,9,Quincy B
Mia,Baker,Kingsley O,Abernathy S,7,16,Ormsby M,2,Greystone M,7,Ashford S,5,Tennyson C
Riley,Davis,Ravenscroft S,Fitzwilliam E,7,18,Kingsley H,1,Marlowe B,14,Beaumont S,4,Eversley A
Emma,Moore,Montgomery C,Wainwright J,7,20,Fairfax R,6,Fitzwilliam J,14,Beaumont S,17,Ingram O
Carter,Walker,Radcliffe L,Marlowe B,7,1,Marlowe B,8,Yardley A,9,Quincy B,4,Eversley A
Nora,Anderson,Fitzwilliam E,Marlowe B,7,6,Fitzwilliam J,4,Eversley A,1,Marlowe B,7,Ashford S
Liam,Williams,Fairfax R,Quincy B,7,21,Fairfax O,36,Kingsley D,2,Greystone M,33,Langley G
Jack,Ramirez,Fitzwilliam E,Sinclair J,7,15,Haverford G,7,Ashford S,18,Kingsley H,13,Radcliffe L
Joseph,Johnson,Ravenscroft S,Tennyson C,7,19,Montgomery C,17,Ingram O,9,Quincy B,4,Eversley A
Isabella,Moore,Kingsley O,Marlowe S,7,5,Tennyson C,3,Kingsley O,12,Fitzwilliam E,19,Montgomery C
Alexander,Baker,Yardley A,Whitmore H,7,1,Marlowe B,10,Greystone O,6,Fitzwilliam J,5,Tennyson C
Carter,Moore,Greystone O,Whitmore C,7,5,Tennyson C,1,Marlowe B,2,Greystone M,9,Quincy B
Harper,Hernandez,Marlowe S,Ainsworth G,7,15,Haverford G,32,Ravenscroft S,41,Whitmore H,38,Marlowe S
Ella,Campbell,Ravenscroft S,Ravenscroft S,7,39,Abernathy S,5,Tennyson C,40,Montgomery O,25,Ravenscroft S
Lily,Garcia,Whitmore C,Underwood M,7,2,Greystone M,1,Marlowe B,12,Fitzwilliam E,13,Radcliffe L
Carter,Williams,Haverford G,Sinclair J,7,22,Ellsworth G,38,Marlowe S,1,Marlowe B,27,Underwood M
Levi,Martinez,Ravenscroft S,Tennyson C,7,19,Montgomery C,27,Underwood M,22,Ellsworth G,2,Greystone M
Zoey,Allen,Blackwood I,Galloway J,7,2,Greystone M,19,Montgomery C,3,Kingsley O,20,Fairfax R
Owen,Adams,Ainsworth G,Fitzwilliam J,7,9,Quincy B,20,Fairfax R,10,Greystone O,17,Ingram O
Wyatt,Gonzalez,Abernathy S,Beaumont S,7,1,Marlowe B,36,Kingsley D,12,Fitzwilliam E,38,Marlowe S
Samuel,Nelson,Blackwood I,Ravenscroft S,7,9,Quincy B,10,Greystone O,5,Tennyson C,2,Greystone M
Jack,Lee,Marlowe B,Haverford G,7,20,Fairfax R,5,Tennyson C,6,Fitzwilliam J,19,Montgomery C
Ava,King,Fairfax R,Kingsley D,7,31,Galloway J,19,Montgomery C,27,Underwood M,21,Fairfax O
Lucas,Harris,Kingsley O,Davenport W,7,10,Greystone O,6,Fitzwilliam J,3,Kingsley O,4,Eversley A
Charlotte,Miller,Kingsley O,Ainsworth G,7,8,Yardley A,4,Eversley A,2,Greystone M,6,Fitzwilliam J
Grace,Perez,Kingsley O,Quincy B,7,20,Fairfax R,9,Quincy B,39,Abernathy S,2,Greystone M
Harper,Rivera,Ormsby M,Ainsworth G,7,2,Greystone M,15,Haverford G,7,Ashford S,10,Greystone O
Amelia,Moore,Ashford S,Montgomery C,7,31,Galloway J,32,Ravenscroft S,33,Langley G,24,Blackwood I
Mia,Hall,Ravenscroft A,Yardley A,7,16,Ormsby M,8,Yardley A,15,Haverford G,41,Whitmore H
Ava,Allen,Haverford G,Kingsley D,7,26,Whitmore C,13,Radcliffe L,18,Kingsley H,36,Kingsley D
Logan,Adams,Underwood M,Abernathy S,7,2,Greystone M,8,Yardley A,4,Eversley A,10,Greystone O
Samuel,Campbell,Fairfax O,Ravenscroft A,7,1,Marlowe B,11,Wainwright J,9,Quincy B,20,Fairfax R
Amelia,Perez,Montgomery C,Ainsworth G,7,5,Tennyson C,1,Marlowe B,2,Greystone M,18,Kingsley H
Riley,Carter,Galloway J,Whitmore C,7,36,Kingsley D,20,Fairfax R,31,Galloway J,21,Fairfax O
Mason,Ramirez,Marlowe B,Ravenscroft S,7,11,Wainwright J,21,Fairfax O,10,Greystone O,40,Montgomery O
Joseph,Perez,Marlowe B,Eversley A,7,19,Montgomery C,37,Davenport W,27,Underwood M,16,Ormsby M
Nora,Taylor,Quincy B,Whitmore C,7,12,Fitzwilliam E,11,Wainwright J,1,Marlowe B,3,Kingsley O
Aiden,Anderson,Vance J,Marlowe B,7,11,Wainwright J,1,Marlowe B,32,Ravenscroft S,15,Haverford G
Alexander,Miller,Fitzwilliam J,Underwood M,7,10,Greystone O,17,Ingram O,9,Quincy B,13,Radcliffe L
Emma,Thompson,Ormsby M,Whitmore C,7,23,Ravenscroft A,25,Ravenscroft S,40,Montgomery O,34,Rutherford E
Ava,Carter,Abernathy S,Langley G,7,16,Ormsby M,34,Rutherford E,25,Ravenscroft S,22,Ellsworth G
Jackson,Lee,Ellsworth G,Ainsworth G,7,7,Ashford S,35,Vance J,11,Wainwright J,23,Ravenscroft A
Emma,Thompson,Davenport W,Fitzwilliam E,7,3,Kingsley O,1,Marlowe B,10,Greystone O,9,Quincy B
Amelia,Moore,Haverford G,Quincy B,7,10,Greystone O,9,Quincy B,8,Yardley A,3,Kingsley O
William,Flores,Ainsworth G,Montgomery O,7,21,Fairfax O,1,Marlowe B,11,Wainwright J,5,Tennyson C
Owen,Smith,Ravenscroft A,Kingsley O,7,21,Fairfax O,33,Langley G,16,Ormsby M,7,Ashford S
Carter,Wright,Ravenscroft S,Yardley A,7,35,Vance J,29,Montgomery C,32,Ravenscroft S,17,Ingram O
Lily,Perez,Tennyson C,Vance J,7,39,Abernathy S,25,Ravenscroft S,3,Kingsley O,12,Fitzwilliam E
Joseph,Williams,Rutherford E,Sinclair J,7,38,Marlowe S,32,Ravenscroft S,24,Blackwood I,6,Fitzwilliam J
William,White,Vance J,Fairfax R,7,4,Eversley A,10,Greystone O,12,Fitzwilliam E,15,Haverford G
Benjamin,Jackson,Fairfax R,Marlowe B,7,17,Ingram O,5,Tennyson C,16,Ormsby M,12,Fitzwilliam E
Benjamin,Taylor,Montgomery O,Fairfax R,7,24,Blackwood I,7,Ashford S,21,Fairfax O,10,Greystone O
Sebastian,White,Langley G,Haverford G,7,14,Beaumont S,27,Underwood M,39,Abernathy S,5,Tennyson C
Scarlett,Rivera,Ellsworth G,Fairfax R,7,2,Greystone M,14,Beaumont S,6,Fitzwilliam J,17,Ingram O
Gianna,Harris,Fairfax O,Whitmore C,7,6,Fitzwilliam J,12,Fitzwilliam E,18,Kingsley H,35,Vance J
Layla,Thomas,Fitzwilliam E,Marlowe B,7,18,Kingsley H,17,Ingram O,2,Greystone M,11,Wainwright J
Elijah,Clark,Ashford S,Ellsworth G,7,28,Ainsworth G,15,Haverford G,3,Kingsley O,9,Quincy B
Sebastian,Robinson,Blackwood I,Blackwood I,7,10,Greystone O,2,Greystone M,3,Kingsley O,8,Yardley A
Levi,Perez,Greystone O,Montgomery C,7,26,Whitmore C,38,Marlowe S,34,Rutherford E,2,Greystone M
Harper,Perez,Ravenscroft A,Ravenscroft A,7,40,Montgomery O,26,Whitmore C,4,Eversley A,20,Fairfax R
Elijah,Flores,Galloway J,Rutherford E,7,10,Greystone O,41,Whitmore H,11,Wainwright J,6,Fitzwilliam J
Mila,Nelson,Radcliffe L,Ravenscroft A,7,31,Galloway J,20,Fairfax R,39,Abernathy S,8,Yardley A
Scarlett,Walker,Blackwood I,Davenport W,7,11,Wainwright J,20,Fairfax R,36,Kingsley D,41,Whitmore H
Logan,Harris,Wainwright J,Fitzwilliam E,7,8,Yardley A,4,Eversley A,16,Ormsby M,9,Quincy B
Isabella,Thomas,Langley G,Rutherford E,7,9,Quincy B,8,Yardley A,1,Marlowe B,6,Fitzwilliam J
Carter,Miller,Marlowe S,Ormsby M,7,1,Marlowe B,5,Tennyson C,3,Kingsley O,9,Quincy B
Joseph,Rodriguez,Langley G,Fitzwilliam E,7,6,Fitzwilliam J,10,Greystone O,15,Haverford G,19,Montgomery C
Lucas,Smith,Haverford G,Montgomery C,7,15,Haverford G,6,Fitzwilliam J,17,Ingram O,11,Wainwright J
Logan,Allen,Wainwright J,Montgomery O,7,2,Greystone M,9,Quincy B,5,Tennyson C,8,Yardley A
Charlotte,Roberts,Montgomery C,Montgomery C,7,13,Radcliffe L,16,Ormsby M,23,Ravenscroft A,17,Ingram O
William,White,Ravenscroft A,Ainsworth G,7,7,Ashford S,5,Tennyson C,4,Eversley A,9,Quincy B
Mia,Adams,Fairfax O,Ormsby M,7,11,Wainwright J,5,Tennyson C,19,Montgomery C,7,Ashford S
Evelyn,White,Sinclair J,Vance J,7,14,Beaumont S,7,Ashford S,11,Wainwright J,6,Fitzwilliam J
Jack,Mitchell,Kingsley O,Yardley A,7,2,Greystone M,30,Sinclair J,9,Quincy B,33,Langley G
Aiden,Scott,Haverford G,Haverford G,8,4,Eversley A,2,Greystone M,26,Whitmore C,9,Quincy B
Owen,Lopez,Radcliffe L,Sinclair J,8,7,Ashford S,3,Kingsley O,6,Fitzwilliam J,5,Tennyson C
Ava,Jackson,Fitzwilliam J,Eversley A,8,34,Rutherford E,1,Marlowe B,31,Galloway J,36,Kingsley D
Mila,Lewis,Kingsley H,Tennyson C,8,24,Blackwood I,17,Ingram O,27,Underwood M,35,Vance J
Owen,Green,Beaumont S,Vance J,8,20,Fairfax R,8,Yardley A,14,Beaumont S,4,Eversley A
Elijah,White,Radcliffe L,Ravenscroft A,8,8,Yardley A,1,Marlowe B,13,Radcliffe L,9,Quincy B
Zoey,Wilson,Marlowe S,Greystone O,8,12,Fitzwilliam E,11,Wainwright J,13,Radcliffe L,18,Kingsley H
Scarlett,Davis,Ravenscroft S,Fitzwilliam J,8,13,Radcliffe L,29,Montgomery C,27,Underwood M,1,Marlowe B
Jackson,Martin,Montgomery O,Kingsley O,8,39,Abernathy S,31,Galloway J,24,Blackwood I,7,Ashford S
Olivia,Williams,Galloway J,Abernathy S,8,9,Quincy B,16,Ormsby M,7,Ashford S,11,Wainwright J
Alexander,Allen,Vance J,Ormsby M,8,19,Montgomery C,6,Fitzwilliam J,17,Ingram O,1,Marlowe B
Elijah,Johnson,Fairfax O,Radcliffe L,8,2,Greystone M,20,Fairfax R,10,Greystone O,6,Fitzwilliam J
Henry,Jones,Kingsley H,Yardley A,8,1,Marlowe B,15,Haverford G,7,Ashford S,13,Radcliffe L
Riley,Lee,Ravenscroft A,Kingsley O,8,17,Ingram O,13,Radcliffe L,1,Marlowe B,11,Wainwright J
Alexander,Jones,Ravenscroft A,Abernathy S,8,2,Greystone M,5,Tennyson C,10,Greystone O,3,Kingsley O
Grace,Lopez,Greystone O,Whitmore H,8,9,Quincy B,14,Beaumont S,1,Marlowe B,18,Kingsley H
Liam,Clark,Rutherford E,Whitmore H,8,26,Whitmore C,21,Fairfax O,8,Yardley A,22,Ellsworth G
Jack,Brown,Beaumont S,Ainsworth G,8,8,Yardley A,7,Ashford S,6,Fitzwilliam J,9,Quincy B
Aiden,Taylor,Ormsby M,Radcliffe L,8,5,Tennyson C,4,Eversley A,2,Greystone M,7,Ashford S
Ella,Baker,Whitmore C,Vance J,8,3,Kingsley O,5,Tennyson C,4,Eversley A,10,Greystone O
Nora,Ramirez,Ainsworth G,Rutherford E,8,17,Ingram O,8,Yardley A,1,Marlowe B,4,Eversley A
Levi,Anderson,Fairfax O,Greystone O,8,23,Ravenscroft A,29,Montgomery C,37,Davenport W,1,Marlowe B
Sophia,Young,Beaumont S,Ravenscroft S,8,10,Greystone O,2,Greystone M,14,Beaumont S,19,Montgomery C
Jack,Garcia,Fairfax O,Langley G,8,9,Quincy B,31,Galloway J,34,Rutherford E,40,Montgomery O
Scarlett,Wright,Galloway J,Rutherford E,8,21,Fairfax O,19,Montgomery C,14,Beaumont S,29,Montgomery C
Alexander,Martinez,Kingsley O,Vance J,8,20,Fairfax R,4,Eversley A,5,Tennyson C,8,Yardley A
Ella,Young,Greystone O,Ravenscroft A,8,24,Blackwood I,12,Fitzwilliam E,30,Sinclair J,33,Langley G
Evelyn,Robinson,Ellsworth G,Abernathy S,8,22,Ellsworth G,7,Ashford S,32,Ravenscroft S,41,Whitmore H
Lily,Williams,Whitmore H,Beaumont S,8,16,Ormsby M,11,Wainwright J,18,Kingsley H,19,Montgomery C
Jackson,Smith,Greystone M,Fitzwilliam E,8,2,Greystone M,23,Ravenscroft A,36,Kingsley D,34,Rutherford E
Joseph,Moore,Ashford S,Ravenscroft A,8,18,Kingsley H,31,Galloway J,4,Eversley A,37,Davenport W
Gianna,Clark,Davenport W,Marlowe S,8,14,Beaumont S,15,Haverford G,19,Montgomery C,9,Quincy B
Mila,Campbell,Sinclair J,Marlowe B,8,15,Haverford G,20,Fairfax R,41,Whitmore H,8,Yardley A
Luna,Lewis,Underwood M,Marlowe B,8,7,Ashford S,2,Greystone M,13,Radcliffe L,12,Fitzwilliam E
Nora,Harris,Ellsworth G,Kingsley O,8,30,Sinclair J,33,Langley G,29,Montgomery C,27,Underwood M
Ethan,Moore,Rutherford E,Kingsley D,8,8,Yardley A,15,Haverford G,25,Ravenscroft S,4,Eversley A
Levi,Jackson,Ormsby M,Marlowe S,8,17,Ingram O,35,Vance J,19,Montgomery C,7,Ashford S
Gianna,Walker,Greystone O,Greystone M,8,1,Marlowe B,2,Greystone M,10,Greystone O,6,Fitzwilliam J
Zoey,Nelson,Ravenscroft S,Haverford G,8,33,Langley G,40,Montgomery O,37,Davenport W,30,Sinclair J
Harper,Rivera,Davenport W,Vance J,8,3,Kingsley O,7,Ashford S,9,Quincy B,8,Yardley A
Henry,Nelson,Whitmore C,Radcliffe L,8,33,Langley G,20,Fairfax R,18,Kingsley H,22,Ellsworth G
Wyatt,Harris,Ashford S,Vance J,8,7,Ashford S,9,Quincy B,3,Kingsley O,8,Yardley A
Ellie,Wright,Quincy B,Radcliffe L,8,17,Ingram O,2,Greystone M,3,Kingsley O,14,Beaumont S
Mila,Roberts,Quincy B,Ingram O,8,8,Yardley A,28,Ainsworth G,3,Kingsley O,14,Beaumont S
Camila,Flores,Whitmore H,Tennyson C,8,3,Kingsley O,18,Kingsley H,9,Quincy B,16,Ormsby M
Jackson,Mitchell,Quincy B,Greystone O,8,29,Montgomery C,14,Beaumont S,26,Whitmore C,11,Wainwright J
Chloe,Scott,Ashford S,Fairfax O,8,15,Haverford G,16,Ormsby M,3,Kingsley O,7,Ashford S
William,Roberts,Galloway J,Wainwright J,8,3,Kingsley O,4,Eversley A,1,Marlowe B,2,Greystone M
Mia,Moore,Fitzwilliam J,Ravenscroft A,8,1,Marlowe B,6,Fitzwilliam J,10,Greystone O,5,Tennyson C
Luna,Martinez,Ainsworth G,Ravenscroft S,8,26,Whitmore C,39,Abernathy S,36,Kingsley D,18,Kingsley H
Isabella,Mitchell,Haverford G,Galloway J,8,24,Blackwood I,29,Montgomery C,33,Langley G,20,Fairfax R
Camila,Gonzalez,Montgomery C,Marlowe S,8,11,Wainwright J,9,Quincy B,17,Ingram O,16,Ormsby M
Zoey,Wilson,Beaumont S,Greystone M,8,29,Montgomery C,23,Ravenscroft A,30,Sinclair J,2,Greystone M
Sophia,Campbell,Montgomery C,Ormsby M,8,12,Fitzwilliam E,7,Ashford S,13,Radcliffe L,8,Yardley A
Henry,Jackson,Ormsby M,Whitmore C,8,1,Marlowe B,5,Tennyson C,3,Kingsley O,7,Ashford S
Logan,Wright,Radcliffe L,Eversley A,8,14,Beaumont S,33,Langley G,25,Ravenscroft S,23,Ravenscroft A
Riley,Anderson,Ormsby M,Montgomery C,8,16,Ormsby M,19,Montgomery C,9,Quincy B,4,Eversley A
Carter,Carter,Greystone O,Ainsworth G,8,21,Fairfax O,14,Beaumont S,41,Whitmore H,15,Haverford G
Mila,Lopez,Greystone O,Montgomery C,8,9,Quincy B,1,Marlowe B,17,Ingram O,4,Eversley A
Riley,Moore,Quincy B,Greystone O,8,1,Marlowe B,34,Rutherford E,7,Ashford S,25,Ravenscroft S
Carter,Miller,Underwood M,Ormsby M,8,35,Vance J,2,Greystone M,11,Wainwright J,7,Ashford S
Charlotte,Ramirez,Fitzwilliam E,Yardley A,8,29,Montgomery C,8,Yardley A,37,Davenport W,26,Whitmore C
Harper,Lee,Greystone O,Ashford S,8,10,Greystone O,9,Quincy B,6,Fitzwilliam J,7,Ashford S
Ella,Jackson,Haverford G,Kingsley H,8,2,Greystone M,12,Fitzwilliam E,20,Fairfax R,11,Wainwright J
Amelia,Thomas,Beaumont S,Ashford S,8,3,Kingsley O,9,Quincy B,2,Greystone M,12,Fitzwilliam E
Jack,Lopez,Ravenscroft A,Davenport W,8,13,Radcliffe L,16,Ormsby M,15,Haverford G,8,Yardley A
Levi,Hernandez,Montgomery C,Rutherford E,8,21,Fairfax O,1,Marlowe B,40,Montgomery O,27,Underwood M
Chloe,Sanchez,Montgomery C,Beaumont S,8,8,Yardley A,18,Kingsley H,1,Marlowe B,17,Ingram O
Mason,Martinez,Ravenscroft S,Blackwood I,8,28,Ainsworth G,37,Davenport W,10,Greystone O,41,Whitmore H
Oliver,Miller,Wainwright J,Blackwood I,8,18,Kingsley H,26,Whitmore C,40,Montgomery O,36,Kingsley D
Ellie,Robinson,Tennyson C,Beaumont S,8,33,Langley G,32,Ravenscroft S,13,Radcliffe L,5,Tennyson C
Oliver,Perez,Montgomery O,Ravenscroft A,8,27,Underwood M,5,Tennyson C,28,Ainsworth G,8,Yardley A
Amelia,Rivera,Greystone O,Blackwood I,8,35,Vance J,25,Ravenscroft S,27,Underwood M,13,Radcliffe L
Jack,Roberts,Whitmore C,Radcliffe L,8,6,Fitzwilliam J,14,Beaumont S,13,Radcliffe L,3,Kingsley O
William,Martin,Ravenscroft S,Fairfax O,8,26,Whitmore C,41,Whitmore H,29,Montgomery C,18,Kingsley H
Ella,White,Yardley A,Beaumont S,8,26,Whitmore C,20,Fairfax R,4,Eversley A,30,Sinclair J
Jack,Robinson,Davenport W,Abernathy S,8,2,Greystone M,5,Tennyson C,8,Yardley A,1,Marlowe B
Emma,Walker,Marlowe S,Kingsley H,8,4,Eversley A,6,Fitzwilliam J,5,Tennyson C,3,Kingsley O
Aria,Hall,Ravenscroft A,Fairfax O,8,12,Fitzwilliam E,6,Fitzwilliam J,39,Abernathy S,19,Montgomery C
Charlotte,Flores,Ingram O,Ravenscroft S,8,33,Langley G,24,Blackwood I,26,Whitmore C,4,Eversley A
Daniel,Hall,Fitzwilliam E,Fitzwilliam E,8,20,Fairfax R,5,Tennyson C,11,Wainwright J,16,Ormsby M
Mateo,King,Yardley A,Quincy B,8,2,Greystone M,10,Greystone O,6,Fitzwilliam J,5,Tennyson C
Mila,Torres,Montgomery C,Kingsley H,8,6,Fitzwilliam J,10,Greystone O,5,Tennyson C,3,Kingsley O
William,Martin,Montgomery C,Kingsley H,8,8,Yardley A,1,Marlowe B,9,Quincy B,2,Greystone M
Isabella,Sanchez,Whitmore C,Marlowe S,8,5,Tennyson C,4,Eversley A,1,Marlowe B,7,Ashford S
Ethan,King,Radcliffe L,Ravenscroft S,8,38,Marlowe S,3,Kingsley O,12,Fitzwilliam E,2,Greystone M
Grace,Roberts,Haverford G,Montgomery O,8,5,Tennyson C,1,Marlowe B,30,Sinclair J,25,Ravenscroft S
Sebastian,Thomas,Ravenscroft S,Rutherford E,8,19,Montgomery C,3,Kingsley O,13,Radcliffe L,6,Fitzwilliam J
Aria,Torres,Greystone O,Fairfax R,8,21,Fairfax O,29,Montgomery C,38,Marlowe S,32,Ravenscroft S
Carter,Wilson,Davenport W,Davenport W,8,3,Kingsley O,39,Abernathy S,41,Whitmore H,9,Quincy B
Wyatt,Hill,Marlowe S,Ravenscroft A,8,9,Quincy B,3,Kingsley O,5,Tennyson C,4,Eversley A
Grace,Roberts,Eversley A,Ingram O,8,18,Kingsley H,9,Quincy B,1,Marlowe B,4,Eversley A
Jackson,Young,Haverford G,Kingsley H,8,6,Fitzwilliam J,8,Yardley A,9,Quincy B,7,Ashford S
Aria,Ramirez,Kingsley O,Sinclair J,8,25,Ravenscroft S,3,Kingsley O,4,Eversley A,2,Greystone M
Harper,Lopez,Ormsby M,Yardley A,8,3,Kingsley O,7,Ashford S,9,Quincy B,10,Greystone O
Mateo,Taylor,Fitzwilliam E,Ashford S,8,16,Ormsby M,5,Tennyson C,7,Ashford S,18,Kingsley H
Jack,Robinson,Ainsworth G,Ravenscroft S,8,29,Montgomery C,41,Whitmore H,22,Ellsworth G,38,Marlowe S
Aria,Perez,Blackwood I,Kingsley D,8,1,Marlowe B,15,Haverford G,16,Ormsby M,13,Radcliffe L
Gianna,Williams,Beaumont S,Rutherford E,8,32,Ravenscroft S,40,Montgomery O,1,Marlowe B,11,Wainwright J
Evelyn,Torres,Kingsley D,Underwood M,8,10,Greystone O,25,Ravenscroft S,9,Quincy B,15,Haverford G
Aria,Flores,Underwood M,Haverford G,9,12,Fitzwilliam E,20,Fairfax R,9,Quincy B,41,Whitmore H
Jackson,Roberts,Haverford G,Rutherford E,9,35,Vance J,12,Fitzwilliam E,37,Davenport W,28,Ainsworth G
James,Jones,Ravenscroft S,Greystone O,9,7,Ashford S,9,Quincy B,6,Fitzwilliam J,8,Yardley A
Scarlett,Lee,Blackwood I,Marlowe B,9,22,Ellsworth G,30,Sinclair J,41,Whitmore H,33,Langley G
Carter,Baker,Underwood M,Abernathy S,9,14,Beaumont S,38,Marlowe S,22,Ellsworth G,5,Tennyson C
Isabella,Martin,Kingsley O,Montgomery O,9,33,Langley G,4,Eversley A,5,Tennyson C,25,Ravenscroft S
Olivia,Campbell,Haverford G,Quincy B,9,32,Ravenscroft S,20,Fairfax R,5,Tennyson C,14,Beaumont S
Nora,Lee,Ravenscroft A,Ellsworth G,9,18,Kingsley H,12,Fitzwilliam E,13,Radcliffe L,7,Ashford S
Aria,Rodriguez,Abernathy S,Vance J,9,33,Langley G,22,Ellsworth G,26,Whitmore C,27,Underwood M
Sebastian,Lewis,Langley G,Wainwright J,9,7,Ashford S,10,Greystone O,4,Eversley A,8,Yardley A
Henry,Allen,Ellsworth G,Montgomery C,9,14,Beaumont S,9,Quincy B,16,Ormsby M,2,Greystone M
Olivia,Garcia,Blackwood I,Blackwood I,9,4,Eversley A,8,Yardley A,15,Haverford G,20,Fairfax R
Mia,Martin,Fairfax R,Fitzwilliam J,9,21,Fairfax O,13,Radcliffe L,15,Haverford G,24,Blackwood I
Jackson,Martinez,Langley G,Kingsley D,9,5,Tennyson C,32,Ravenscroft S,33,Langley G,16,Ormsby M
Ella,Hernandez,Ormsby M,Radcliffe L,9,4,Eversley A,40,Montgomery O,41,Whitmore H,36,Kingsley D
Scarlett,White,Wainwright J,Whitmore H,9,10,Greystone O,1,Marlowe B,2,Greystone M,4,Eversley A
Zoey,Thomas,Ravenscroft A,Blackwood I,9,9,Quincy B,14,Beaumont S,13,Radcliffe L,1,Marlowe B
Benjamin,Wright,Kingsley O,Abernathy S,9,13,Radcliffe L,20,Fairfax R,3,Kingsley O,7,Ashford S
Scarlett,Nelson,Underwood M,Davenport W,9,14,Beaumont S,11,Wainwright J,34,Rutherford E,35,Vance J
Zoey,Rivera,Abernathy S,Haverford G,9,22,Ellsworth G,9,Quincy B,35,Vance J,15,Haverford G
Wyatt,Scott,Greystone O,Marlowe B,9,24,Blackwood I,10,Greystone O,27,Underwood M,9,Quincy B
Mason,Nguyen,Fitzwilliam J,Greystone O,9,7,Ashford S,10,Greystone O,25,Ravenscroft S,27,Underwood M
Charlotte,Martin,Montgomery C,Ingram O,9,4,Eversley A,37,Davenport W,30,Sinclair J,10,Greystone O
Ella,Scott,Whitmore H,Ellsworth G,9,8,Yardley A,9,Quincy B,2,Greystone M,7,Ashford S
Zoey,Lopez,Underwood M,Ravenscroft S,9,10,Greystone O,6,Fitzwilliam J,2,Greystone M,1,Marlowe B
Ava,Thompson,Kingsley H,Wainwright J,9,19,Montgomery C,20,Fairfax R,13,Radcliffe L,17,Ingram O
Jack,Rodriguez,Ormsby M,Montgomery O,9,34,Rutherford E,39,Abernathy S,38,Marlowe S,41,Whitmore H
Benjamin,Nguyen,Greystone M,Fitzwilliam J,9,19,Montgomery C,8,Yardley A,12,Fitzwilliam E,7,Ashford S
Charlotte,Taylor,Langley G,Eversley A,9,7,Ashford S,8,Yardley A,13,Radcliffe L,5,Tennyson C
Emma,Carter,Montgomery C,Quincy B,9,39,Abernathy S,6,Fitzwilliam J,12,Fitzwilliam E,38,Marlowe S
James,Young,Vance J,Fitzwilliam E,9,10,Greystone O,1,Marlowe B,9,Quincy B,15,Haverford G
Daniel,Robinson,Ingram O,Underwood M,9,1,Marlowe B,2,Greystone M,9,Quincy B,6,Fitzwilliam J
Ava,Flores,Abernathy S,Ravenscroft S,9,19,Montgomery C,1,Marlowe B,7,Ashford S,17,Ingram O
Owen,Anderson,Tennyson C,Ingram O,9,4,Eversley A,12,Fitzwilliam E,41,Whitmore H,13,Radcliffe L
Charlotte,Clark,Fairfax O,Underwood M,9,36,Kingsley D,41,Whitmore H,1,Marlowe B,12,Fitzwilliam E
Henry,Martin,Haverford G,Ormsby M,9,9,Quincy B,1,Marlowe B,6,Fitzwilliam J,2,Greystone M
Jackson,Nelson,Ingram O,Rutherford E,9,37,Davenport W,24,Blackwood I,22,Ellsworth G,32,Ravenscroft S
Samuel,Young,Ravenscroft S,Fitzwilliam J,9,14,Beaumont S,39,Abernathy S,4,Eversley A,28,Ainsworth G
Alexander,Smith,Kingsley O,Fitzwilliam J,9,10,Greystone O,36,Kingsley D,13,Radcliffe L,40,Montgomery O
Scarlett,Adams,Fitzwilliam J,Kingsley O,9,5,Tennyson C,20,Fairfax R,13,Radcliffe L,14,Beaumont S
Ava,Brown,Galloway J,Sinclair J,9,12,Fitzwilliam E,13,Radcliffe L,6,Fitzwilliam J,10,Greystone O
Riley,Harris,Sinclair J,Ellsworth G,9,18,Kingsley H,8,Yardley A,15,Haverford G,17,Ingram O
Samuel,Moore,Whitmore C,Whitmore H,9,8,Yardley A,6,Fitzwilliam J,3,Kingsley O,9,Quincy B
Benjamin,Torres,Fitzwilliam E,Radcliffe L,9,1,Marlowe B,18,Kingsley H,19,Montgomery C,2,Greystone M
Jack,Torres,Radcliffe L,Ravenscroft A,9,39,Abernathy S,15,Haverford G,30,Sinclair J,23,Ravenscroft A
Zoey,Lee,Fitzwilliam J,Whitmore H,9,9,Quincy B,4,Eversley A,18,Kingsley H,11,Wainwright J
Layla,Mitchell,Whitmore H,Ellsworth G,9,36,Kingsley D,38,Marlowe S,27,Underwood M,41,Whitmore H
Riley,Torres,Ellsworth G,Kingsley H,9,16,Ormsby M,22,Ellsworth G,41,Whitmore H,26,Whitmore C
Joseph,Torres,Kingsley O,Montgomery C,9,13,Radcliffe L,16,Ormsby M,10,Greystone O,1,Marlowe B
Ethan,Miller,Yardley A,Ravenscroft A,9,1,Marlowe B,7,Ashford S,15,Haverford G,6,Fitzwilliam J
Camila,Garcia,Marlowe B,Underwood M,9,13,Radcliffe L,8,Yardley A,9,Quincy B,6,Fitzwilliam J
Harper,Jackson,Quincy B,Langley G,9,19,Montgomery C,1,Marlowe B,11,Wainwright J,21,Fairfax O
Mason,Johnson,Ellsworth G,Beaumont S,9,4,Eversley A,17,Ingram O,8,Yardley A,9,Quincy B
Ava,Thompson,Ormsby M,Greystone O,9,20,Fairfax R,16,Ormsby M,8,Yardley A,1,Marlowe B
Camila,Young,Marlowe B,Eversley A,9,3,Kingsley O,6,Fitzwilliam J,5,Tennyson C,10,Greystone O
Lucas,Hill,Quincy B,Galloway J,9,3,Kingsley O,9,Quincy B,8,Yardley A,7,Ashford S
Wyatt,Torres,Kingsley H,Yardley A,9,13,Radcliffe L,12,Fitzwilliam E,20,Fairfax R,7,Ashford S
Chloe,King,Abernathy S,Ashford S,9,3,Kingsley O,2,Greystone M,1,Marlowe B,4,Eversley A
Gianna,Young,Fairfax O,Ellsworth G,9,1,Marlowe B,8,Yardley A,2,Greystone M,4,Eversley A
Evelyn,Anderson,Ormsby M,Vance J,9,15,Haverford G,3,Kingsley O,11,Wainwright J,21,Fairfax O
Oliver,Rodriguez,Ravenscroft S,Galloway J,9,8,Yardley A,20,Fairfax R,12,Fitzwilliam E,14,Beaumont S
Logan,Scott,Radcliffe L,Ormsby M,9,40,Montgomery O,41,Whitmore H,25,Ravenscroft S,30,Sinclair J
Daniel,Taylor,Montgomery C,Fitzwilliam E,9,8,Yardley A,17,Ingram O,5,Tennyson C,20,Fairfax R
James,Garcia,Fitzwilliam E,Ingram O,9,4,Eversley A,12,Fitzwilliam E,31,Galloway J,5,Tennyson C
Owen,Robinson,Blackwood I,Davenport W,9,13,Radcliffe L,17,Ingram O,16,Ormsby M,4,Eversley A
Evelyn,Green,Ellsworth G,Ingram O,9,36,Kingsley D,38,Marlowe S,33,Langley G,41,Whitmore H
Oliver,Thomas,Radcliffe L,Sinclair J,9,2,Greystone M,1,Marlowe B,9,Quincy B,4,Eversley A
Layla,Walker,Quincy B,Ellsworth G,9,9,Quincy B,28,Ainsworth G,30,Sinclair J,16,Ormsby M
Noah,Lewis,Vance J,Vance J,9,15,Haverford G,8,Yardley A,19,Montgomery C,2,Greystone M
Ava,Lee,Quincy B,Vance J,9,7,Ashford S,13,Radcliffe L,17,Ingram O,2,Greystone M
Grace,Taylor,Montgomery O,Underwood M,9,15,Haverford G,5,Tennyson C,9,Quincy B,1,Marlowe B
Samuel,Wright,Kingsley O,Langley G,9,27,Underwood M,12,Fitzwilliam E,23,Ravenscroft A,6,Fitzwilliam J
Zoey,Lewis,Montgomery O,Yardley A,9,3,Kingsley O,17,Ingram O,25,Ravenscroft S,15,Haverford G
Ethan,Young,Kingsley D,Ravenscroft S,9,14,Beaumont S,16,Ormsby M,17,Ingram O,11,Wainwright J
Jackson,Walker,Yardley A,Ingram O,9,1,Marlowe B,5,Tennyson C,20,Fairfax R,12,Fitzwilliam E
Owen,Ramirez,Whitmore H,Fitzwilliam E,9,26,Whitmore C,12,Fitzwilliam E,18,Kingsley H,37,Davenport W
Ethan,Allen,Montgomery C,Radcliffe L,9,23,Ravenscroft A,14,Beaumont S,12,Fitzwilliam E,37,Davenport W
Noah,Scott,Sinclair J,Ashford S,9,32,Ravenscroft S,5,Tennyson C,14,Beaumont S,19,Montgomery C
Mila,Williams,Underwood M,Ingram O,9,24,Blackwood I,9,Quincy B,2,Greystone M,3,Kingsley O
Mila,Perez,Haverford G,Sinclair J,9,7,Ashford S,10,Greystone O,5,Tennyson C,3,Kingsley O
Carter,Jones,Marlowe S,Langley G,9,15,Haverford G,4,Eversley A,8,Yardley A,9,Quincy B
Chloe,Adams,Greystone O,Vance J,9,6,Fitzwilliam J,39,Abernathy S,24,Blackwood I,17,Ingram O
Aria,Ramirez,Whitmore C,Ainsworth G,9,38,Marlowe S,25,Ravenscroft S,15,Haverford G,10,Greystone O
William,Scott,Montgomery C,Ravenscroft S,9,13,Radcliffe L,1,Marlowe B,6,Fitzwilliam J,20,Fairfax R
Amelia,Lee,Rutherford E,Galloway J,9,39,Abernathy S,33,Langley G,3,Kingsley O,23,Ravenscroft A
Lucas,Robinson,Montgomery C,Beaumont S,9,33,Langley G,25,Ravenscroft S,14,Beaumont S,38,Marlowe S
Jack,Williams,Fitzwilliam J,Marlowe B,9,34,Rutherford E,38,Marlowe S,20,Fairfax R,1,Marlowe B
Emma,Brown,Ravenscroft S,Sinclair J,9,6,Fitzwilliam J,17,Ingram O,9,Quincy B,10,Greystone O
Charlotte,Thomas,Fairfax R,Ashford S,9,15,Haverford G,18,Kingsley H,3,Kingsley O,40,Montgomery O
Jack,Thompson,Ashford S,Montgomery C,9,21,Fairfax O,30,Sinclair J,20,Fairfax R,40,Montgomery O
Oliver,Hall,Vance J,Whitmore H,9,4,Eversley A,41,Whitmore H,11,Wainwright J,30,Sinclair J
Oliver,Rivera,Fitzwilliam J,Ingram O,9,3,Kingsley O,5,Tennyson C,6,Fitzwilliam J,10,Greystone O
Grace,Hall,Montgomery O,Ravenscroft A,9,10,Greystone O,18,Kingsley H,1,Marlowe B,16,Ormsby M
Logan,Green,Sinclair J,Ashford S,9,17,Ingram O,2,Greystone M,25,Ravenscroft S,23,Ravenscroft A
Owen,Mitchell,Ellsworth G,Galloway J,9,9,Quincy B,11,Wainwright J,15,Haverford G,17,Ingram O
Jack,Ramirez,Yardley A,Rutherford E,9,9,Quincy B,5,Tennyson C,1,Marlowe B,4,Eversley A
Oliver,Hill,Montgomery C,Wainwright J,9,18,Kingsley H,14,Beaumont S,1,Marlowe B,2,Greystone M
Levi,Wright,Greystone O,Rutherford E,9,25,Ravenscroft S,30,Sinclair J,28,Ainsworth G,16,Ormsby M
James,Flores,Fairfax R,Ravenscroft A,9,3,Kingsley O,6,Fitzwilliam J,4,Eversley A,8,Yardley A
Scarlett,Martin,Vance J,Ravenscroft S,9,2,Greystone M,6,Fitzwilliam J,8,Yardley A,1,Marlowe B
Riley,Davis,Fitzwilliam E,Ashford S,10,7,Ashford S,3,Kingsley O,1,Marlowe B,6,Fitzwilliam J
Owen,Moore,Tennyson C,Radcliffe L,10,7,Ashford S,4,Eversley A,3,Kingsley O,1,Marlowe B
Oliver,Sanchez,Langley G,Wainwright J,10,40,Montgomery O,4,Eversley A,35,Vance J,32,Ravenscroft S
Mateo,Rivera,Whitmore H,Ravenscroft S,10,40,Montgomery O,34,Rutherford E,17,Ingram O,23,Ravenscroft A
William,Flores,Ravenscroft S,Ashford S,10,5,Tennyson C,8,Yardley A,4,Eversley A,13,Radcliffe L
James,Scott,Quincy B,Underwood M,10,3,Kingsley O,6,Fitzwilliam J,10,Greystone O,8,Yardley A
Lily,Lee,Haverford G,Whitmore C,10,13,Radcliffe L,5,Tennyson C,12,Fitzwilliam E,2,Greystone M
William,Hernandez,Ashford S,Beaumont S,10,19,Montgomery C,38,Marlowe S,7,Ashford S,6,Fitzwilliam J
Sophia,Sanchez,Davenport W,Ellsworth G,10,11,Wainwright J,2,Greystone M,41,Whitmore H,6,Fitzwilliam J
Mila,Thompson,Ravenscroft A,Ashford S,10,1,Marlowe B,8,Yardley A,13,Radcliffe L,28,Ainsworth G
Elijah,Garcia,Kingsley D,Sinclair J,10,6,Fitzwilliam J,18,Kingsley H,8,Yardley A,3,Kingsley O
Mateo,Hernandez,Ashford S,Marlowe B,10,14,Beaumont S,7,Ashford S,18,Kingsley H,17,Ingram O
Alexander,Adams,Montgomery O,Blackwood I,10,19,Montgomery C,7,Ashford S,15,Haverford G,10,Greystone O
William,Allen,Galloway J,Fitzwilliam E,10,19,Montgomery C,2,Greystone M,10,Greystone O,22,Ellsworth G
Liam,Rodriguez,Haverford G,Greystone M,10,40,Montgomery O,35,Vance J,6,Fitzwilliam J,21,Fairfax O
Camila,Scott,Blackwood I,Ellsworth G,10,6,Fitzwilliam J,9,Quincy B,39,Abernathy S,32,Ravenscroft S
William,Ramirez,Marlowe B,Marlowe B,10,25,Ravenscroft S,20,Fairfax R,5,Tennyson C,18,Kingsley H
Henry,Campbell,Fitzwilliam E,Greystone O,10,19,Montgomery C,14,Beaumont S,4,Eversley A,1,Marlowe B
Amelia,Davis,Ingram O,Galloway J,10,8,Yardley A,20,Fairfax R,11,Wainwright J,39,Abernathy S
Lily,Clark,Montgomery C,Marlowe B,10,4,Eversley A,10,Greystone O,8,Yardley A,1,Marlowe B
Daniel,Young,Ravenscroft A,Ingram O,10,8,Yardley A,12,Fitzwilliam E,14,Beaumont S,16,Ormsby M
Liam,Sanchez,Montgomery O,Tennyson C,10,35,Vance J,11,Wainwright J,1,Marlowe B,13,Radcliffe L
Nora,Clark,Sinclair J,Underwood M,10,40,Montgomery O,29,Montgomery C,24,Blackwood I,5,Tennyson C
Owen,Green,Wainwright J,Ingram O,10,15,Haverford G,4,Eversley A,11,Wainwright J,14,Beaumont S
Evelyn,Walker,Ravenscroft S,Tennyson C,10,10,Greystone O,4,Eversley A,6,Fitzwilliam J,9,Quincy B
Lily,Gonzalez,Ravenscroft S,Sinclair J,10,26,Whitmore C,27,Underwood M,12,Fitzwilliam E,39,Abernathy S
Elijah,Brown,Ravenscroft A,Davenport W,10,14,Beaumont S,15,Haverford G,6,Fitzwilliam J,19,Montgomery C
Layla,Young,Montgomery C,Ainsworth G,10,12,Fitzwilliam E,15,Haverford G,17,Ingram O,5,Tennyson C
Aria,Davis,Underwood M,Whitmore H,10,5,Tennyson C,9,Quincy B,10,Greystone O,3,Kingsley O
Mason,Torres,Fitzwilliam J,Whitmore C,10,15,Haverford G,11,Wainwright J,5,Tennyson C,18,Kingsley H
Owen,Harris,Haverford G,Ellsworth G,10,20,Fairfax R,16,Ormsby M,10,Greystone O,12,Fitzwilliam E
Ethan,Williams,Ravenscroft A,Ingram O,10,40,Montgomery O,8,Yardley A,13,Radcliffe L,22,Ellsworth G
Ella,Lee,Quincy B,Ashford S,10,9,Quincy B,36,Kingsley D,10,Greystone O,1,Marlowe B
Alexander,Scott,Radcliffe L,Ainsworth G,10,2,Greystone M,21,Fairfax O,5,Tennyson C,33,Langley G
Aria,Hernandez,Ainsworth G,Kingsley D,10,12,Fitzwilliam E,19,Montgomery C,24,Blackwood I,26,Whitmore C
Nora,Perez,Beaumont S,Tennyson C,10,36,Kingsley D,3,Kingsley O,5,Tennyson C,33,Langley G
Mason,Roberts,Montgomery C,Ravenscroft S,10,17,Ingram O,16,Ormsby M,14,Beaumont S,4,Eversley A
Lucas,Harris,Kingsley H,Quincy B,10,19,Montgomery C,18,Kingsley H,17,Ingram O,5,Tennyson C
Charlotte,Martin,Whitmore H,Quincy B,10,26,Whitmore C,21,Fairfax O,12,Fitzwilliam E,40,Montgomery O
Carter,Allen,Quincy B,Haverford G,10,18,Kingsley H,11,Wainwright J,2,Greystone M,15,Haverford G
Luna,Lewis,Montgomery C,Eversley A,10,15,Haverford G,13,Radcliffe L,18,Kingsley H,4,Eversley A
Emma,Taylor,Marlowe B,Yardley A,10,7,Ashford S,2,Greystone M,8,Yardley A,5,Tennyson C
Noah,Brown,Beaumont S,Ashford S,10,32,Ravenscroft S,35,Vance J,10,Greystone O,37,Davenport W
Elijah,Campbell,Ormsby M,Vance J,10,15,Haverford G,14,Beaumont S,6,Fitzwilliam J,16,Ormsby M
Scarlett,Baker,Galloway J,Marlowe B,10,1,Marlowe B,32,Ravenscroft S,4,Eversley A,33,Langley G
Oliver,Taylor,Ravenscroft A,Fairfax O,10,24,Blackwood I,18,Kingsley H,36,Kingsley D,3,Kingsley O
Joseph,Anderson,Fairfax R,Ingram O,10,10,Greystone O,6,Fitzwilliam J,7,Ashford S,1,Marlowe B
Lucas,Moore,Fairfax O,Davenport W,10,5,Tennyson C,9,Quincy B,8,Yardley A,6,Fitzwilliam J
Jackson,Harris,Sinclair J,Marlowe B,10,5,Tennyson C,6,Fitzwilliam J,11,Wainwright J,12,Fitzwilliam E
Lily,Jackson,Blackwood I,Ravenscroft A,10,16,Ormsby M,41,Whitmore H,8,Yardley A,24,Blackwood I
Carter,Martin,Kingsley H,Kingsley D,10,2,Greystone M,15,Haverford G,16,Ormsby M,5,Tennyson C
Mila,Carter,Langley G,Quincy B,10,37,Davenport W,12,Fitzwilliam E,2,Greystone M,21,Fairfax O
Lucas,Scott,Kingsley H,Whitmore C,10,19,Montgomery C,12,Fitzwilliam E,29,Montgomery C,24,Blackwood I
Aiden,Hernandez,Haverford G,Ashford S,10,12,Fitzwilliam E,28,Ainsworth G,13,Radcliffe L,41,Whitmore H
Jackson,Carter,Tennyson C,Eversley A,10,40,Montgomery O,18,Kingsley H,2,Greystone M,1,Marlowe B
Alexander,Flores,Ellsworth G,Ravenscroft A,10,16,Ormsby M,6,Fitzwilliam J,2,Greystone M,12,Fitzwilliam E
Scarlett,Carter,Fitzwilliam E,Tennyson C,10,28,Ainsworth G,41,Whitmore H,22,Ellsworth G,29,Montgomery C
Camila,Perez,Fairfax O,Ravenscroft S,10,9,Quincy B,19,Montgomery C,15,Haverford G,10,Greystone O
Aria,Smith,Fairfax R,Montgomery O,10,9,Quincy B,31,Galloway J,34,Rutherford E,16,Ormsby M
Amelia,Miller,Underwood M,Galloway J,10,3,Kingsley O,27,Underwood M,33,Langley G,38,Marlowe S
Lily,Flores,Montgomery C,Ormsby M,10,4,Eversley A,25,Ravenscroft S,8,Yardley A,10,Greystone O
Scarlett,Lopez,Galloway J,Ormsby M,10,8,Yardley A,6,Fitzwilliam J,4,Eversley A,26,Whitmore C
Alexander,Baker,Marlowe S,Radcliffe L,10,9,Quincy B,4,Eversley A,6,Fitzwilliam J,3,Kingsley O
Mila,Allen,Haverford G,Whitmore C,10,4,Eversley A,10,Greystone O,5,Tennyson C,8,Yardley A
Henry,Smith,Ainsworth G,Yardley A,10,9,Quincy B,6,Fitzwilliam J,3,Kingsley O,20,Fairfax R
Sebastian,Sanchez,Rutherford E,Quincy B,10,10,Greystone O,2,Greystone M,8,Yardley A,6,Fitzwilliam J
Chloe,Torres,Beaumont S,Ellsworth G,10,31,Galloway J,40,Montgomery O,33,Langley G,34,Rutherford E
Lily,Torres,Montgomery C,Quincy B,10,28,Ainsworth G,30,Sinclair J,37,Davenport W,11,Wainwright J
Elijah,Carter,Wainwright J,Ravenscroft S,10,7,Ashford S,24,Blackwood I,22,Ellsworth G,38,Marlowe S
Olivia,Brown,Ravenscroft A,Kingsley H,10,1,Marlowe B,28,Ainsworth G,39,Abernathy S,29,Montgomery C
Camila,Martinez,Greystone M,Davenport W,10,7,Ashford S,9,Quincy B,14,Beaumont S,15,Haverford G
Joseph,Flores,Fairfax O,Ravenscroft S,10,37,Davenport W,6,Fitzwilliam J,30,Sinclair J,16,Ormsby M
William,Nelson,Rutherford E,Greystone M,10,19,Montgomery C,10,Greystone O,7,Ashford S,2,Greystone M
Owen,Lee,Ingram O,Blackwood I,10,10,Greystone O,41,Whitmore H,22,Ellsworth G,6,Fitzwilliam J
Aria,Jones,Fitzwilliam E,Ainsworth G,10,5,Tennyson C,11,Wainwright J,22,Ellsworth G,24,Blackwood I
Emma,Torres,Ravenscroft S,Kingsley O,10,22,Ellsworth G,15,Haverford G,32,Ravenscroft S,8,Yardley A
William,Rivera,Fairfax R,Beaumont S,10,18,Kingsley H,4,Eversley A,11,Wainwright J,19,Montgomery C
Nora,Thomas,Whitmore C,Ellsworth G,10,4,Eversley A,13,Radcliffe L,6,Fitzwilliam J,12,Fitzwilliam E
Ellie,Hill,Fitzwilliam J,Beaumont S,10,12,Fitzwilliam E,20,Fairfax R,15,Haverford G,18,Kingsley H
Henry,Moore,Montgomery C,Ashford S,10,19,Montgomery C,11,Wainwright J,25,Ravenscroft S,30,Sinclair J
Camila,Campbell,Ingram O,Haverford G,10,19,Montgomery C,2,Greystone M,8,Yardley A,6,Fitzwilliam J
Emma,White,Vance J,Ingram O,10,22,Ellsworth G,26,Whitmore C,41,Whitmore H,20,Fairfax R
Samuel,Smith,Montgomery C,Whitmore C,10,8,Yardley A,10,Greystone O,5,Tennyson C,3,Kingsley O
Logan,Taylor,Abernathy S,Underwood M,10,7,Ashford S,4,Eversley A,2,Greystone M,3,Kingsley O
Daniel,Hernandez,Montgomery C,Wainwright J,10,11,Wainwright J,17,Ingram O,32,Ravenscroft S,28,Ainsworth G
Benjamin,Moore,Fairfax O,Rutherford E,10,14,Beaumont S,3,Kingsley O,17,Ingram O,19,Montgomery C
Luna,Harris,Beaumont S,Montgomery O,10,18,Kingsley H,10,Greystone O,27,Underwood M,5,Tennyson C
Jackson,Nelson,Ravenscroft A,Ingram O,10,3,Kingsley O,7,Ashford S,2,Greystone M,5,Tennyson C
Harper,Jackson,Marlowe B,Whitmore H,10,3,Kingsley O,7,Ashford S,6,Fitzwilliam J,10,Greystone O
Oliver,Robinson,Davenport W,Galloway J,10,8,Yardley A,4,Eversley A,2,Greystone M,5,Tennyson C
Levi,Harris,Whitmore C,Ainsworth G,10,37,Davenport W,20,Fairfax R,3,Kingsley O,26,Whitmore C
Noah,Williams,Sinclair J,Kingsley O,10,7,Ashford S,10,Greystone O,8,Yardley A,18,Kingsley H
Logan,Thompson,Vance J,Ravenscroft S,10,14,Beaumont S,24,Blackwood I,13,Radcliffe L,10,Greystone O
Gianna,Taylor,Fairfax R,Vance J,10,19,Montgomery C,20,Fairfax R,12,Fitzwilliam E,15,Haverford G
Grace,Thompson,Montgomery O,Wainwright J,10,17,Ingram O,11,Wainwright J,20,Fairfax R,12,Fitzwilliam E
Luna,Williams,Sinclair J,Sinclair J,10,27,Underwood M,15,Haverford G,23,Ravenscroft A,19,Montgomery C
Mia,Jones,Quincy B,Ravenscroft S,10,6,Fitzwilliam J,14,Beaumont S,3,Kingsley O,18,Kingsley H
James,Anderson,Haverford G,Fairfax R,10,18,Kingsley H,40,Montgomery O,36,Kingsley D,21,Fairfax O
Jack,Lewis,Eversley A,Galloway J,10,7,Ashford S,16,Ormsby M,12,Fitzwilliam E,6,Fitzwilliam J
Jackson,Lewis,Montgomery C,Kingsley O,10,10,Greystone O,32,Ravenscroft S,31,Galloway J,40,Montgomery O
Sebastian,Torres,Fitzwilliam J,Vance J,11,16,Ormsby M,10,Greystone O,8,Yardley A,3,Kingsley O
Logan,Garcia,Ravenscroft S,Galloway J,11,6,Fitzwilliam J,7,Ashford S,4,Eversley A,2,Greystone M
Aria,Williams,Yardley A,Ormsby M,11,16,Ormsby M,20,Fairfax R,37,Davenport W,18,Kingsley H
Chloe,Thompson,Kingsley H,Marlowe B,11,35,Vance J,12,Fitzwilliam E,26,Whitmore C,39,Abernathy S
Harper,King,Kingsley H,Kingsley D,11,5,Tennyson C,10,Greystone O,2,Greystone M,8,Yardley A
Nora,Nelson,Kingsley O,Blackwood I,11,13,Radcliffe L,19,Montgomery C,20,Fairfax R,2,Greystone M
Joseph,Hill,Abernathy S,Blackwood I,11,17,Ingram O,33,Langley G,10,Greystone O,27,Underwood M
Liam,Smith,Blackwood I,Yardley A,11,34,Rutherford E,16,Ormsby M,8,Yardley A,25,Ravenscroft S
Levi,Nguyen,Ingram O,Wainwright J,11,39,Abernathy S,19,Montgomery C,24,Blackwood I,17,Ingram O
Ethan,Williams,Vance J,Kingsley H,11,15,Haverford G,17,Ingram O,14,Beaumont S,27,Underwood M
Gianna,Scott,Greystone M,Ashford S,11,3,Kingsley O,4,Eversley A,10,Greystone O,8,Yardley A
Riley,Rivera,Yardley A,Ravenscroft A,11,14,Beaumont S,3,Kingsley O,20,Fairfax R,11,Wainwright J
Gianna,Flores,Eversley A,Greystone M,11,37,Davenport W,26,Whitmore C,19,Montgomery C,12,Fitzwilliam E
Daniel,Johnson,Radcliffe L,Ravenscroft S,11,11,Wainwright J,3,Kingsley O,10,Greystone O,12,Fitzwilliam E
Mason,Campbell,Kingsley D,Ainsworth G,11,40,Montgomery O,19,Montgomery C,11,Wainwright J,8,Yardley A
Grace,Hernandez,Galloway J,Fitzwilliam E,11,17,Ingram O,16,Ormsby M,7,Ashford S,3,Kingsley O
Layla,Green,Ashford S,Ravenscroft A,11,34,Rutherford E,31,Galloway J,20,Fairfax R,40,Montgomery O
Harper,Jackson,Greystone M,Galloway J,11,12,Fitzwilliam E,7,Ashford S,19,Montgomery C,10,Greystone O
Mateo,Nelson,Galloway J,Marlowe B,11,32,Ravenscroft S,14,Beaumont S,10,Greystone O,34,Rutherford E
Gianna,Martin,Galloway J,Greystone O,11,20,Fairfax R,32,Ravenscroft S,21,Fairfax O,24,Blackwood I
Liam,White,Ravenscroft A,Wainwright J,11,36,Kingsley D,21,Fairfax O,15,Haverford G,26,Whitmore C
Aria,Allen,Kingsley D,Blackwood I,11,16,Ormsby M,12,Fitzwilliam E,30,Sinclair J,11,Wainwright J
Joseph,Scott,Ashford S,Haverford G,11,25,Ravenscroft S,24,Blackwood I,41,Whitmore H,19,Montgomery C
Zoey,Gonzalez,Ingram O,Ellsworth G,11,4,Eversley A,36,Kingsley D,18,Kingsley H,40,Montgomery O
Joseph,Rivera,Langley G,Ellsworth G,11,30,Sinclair J,31,Galloway J,32,Ravenscroft S,26,Whitmore C
Ella,Rivera,Galloway J,Ormsby M,11,6,Fitzwilliam J,7,Ashford S,4,Eversley A,10,Greystone O
Sophia,Hill,Radcliffe L,Fitzwilliam E,11,6,Fitzwilliam J,18,Kingsley H,20,Fairfax R,10,Greystone O
Elijah,Robinson,Montgomery C,Davenport W,11,26,Whitmore C,19,Montgomery C,4,Eversley A,10,Greystone O
Sebastian,Lee,Whitmore C,Fairfax R,11,2,Greystone M,7,Ashford S,4,Eversley A,3,Kingsley O
Oliver,Miller,Underwood M,Fitzwilliam J,11,33,Langley G,17,Ingram O,14,Beaumont S,34,Rutherford E
Harper,Anderson,Galloway J,Ravenscroft A,11,39,Abernathy S,24,Blackwood I,30,Sinclair J,28,Ainsworth G
Carter,Jones,Davenport W,Fairfax R,11,17,Ingram O,15,Haverford G,19,Montgomery C,16,Ormsby M
Chloe,Adams,Davenport W,Marlowe S,11,14,Beaumont S,25,Ravenscroft S,33,Langley G,21,Fairfax O
Mia,Williams,Eversley A,Beaumont S,11,13,Radcliffe L,11,Wainwright J,30,Sinclair J,31,Galloway J
Gianna,Perez,Ormsby M,Whitmore C,11,36,Kingsley D,14,Beaumont S,26,Whitmore C,35,Vance J
Logan,Nguyen,Ashford S,Ormsby M,11,40,Montgomery O,27,Underwood M,4,Eversley A,21,Fairfax O
Aria,Thomas,Montgomery C,Beaumont S,11,15,Haverford G,13,Radcliffe L,18,Kingsley H,17,Ingram O
Lily,Hall,Vance J,Ravenscroft S,11,4,Eversley A,17,Ingram O,30,Sinclair J,3,Kingsley O
Benjamin,Roberts,Ravenscroft S,Tennyson C,11,20,Fairfax R,37,Davenport W,21,Fairfax O,11,Wainwright J
Lucas,Thomas,Ravenscroft A,Fitzwilliam E,11,18,Kingsley H,17,Ingram O,19,Montgomery C,13,Radcliffe L
Layla,Wright,Whitmore C,Greystone O,11,15,Haverford G,22,Ellsworth G,29,Montgomery C,12,Fitzwilliam E
Joseph,Ramirez,Ormsby M,Tennyson C,11,37,Davenport W,24,Blackwood I,29,Montgomery C,41,Whitmore H
Mila,Rivera,Ravenscroft S,Tennyson C,11,12,Fitzwilliam E,17,Ingram O,7,Ashford S,20,Fairfax R
Mia,Gonzalez,Langley G,Haverford G,11,12,Fitzwilliam E,19,Montgomery C,7,Ashford S,20,Fairfax R
Aiden,Clark,Kingsley O,Haverford G,11,41,Whitmore H,22,Ellsworth G,16,Ormsby M,35,Vance J
Sophia,Carter,Marlowe S,Ravenscroft S,11,14,Beaumont S,15,Haverford G,19,Montgomery C,20,Fairfax R
Samuel,Jones,Greystone O,Sinclair J,11,15,Haverford G,30,Sinclair J,29,Montgomery C,33,Langley G
Logan,Gonzalez,Fitzwilliam J,Langley G,11,12,Fitzwilliam E,16,Ormsby M,11,Wainwright J,20,Fairfax R
Camila,Carter,Fitzwilliam E,Montgomery O,11,13,Radcliffe L,3,Kingsley O,7,Ashford S,15,Haverford G
Liam,Perez,Rutherford E,Beaumont S,11,14,Beaumont S,16,Ormsby M,18,Kingsley H,11,Wainwright J
Benjamin,Smith,Kingsley O,Beaumont S,11,27,Underwood M,11,Wainwright J,36,Kingsley D,16,Ormsby M
Harper,Lopez,Vance J,Ravenscroft S,11,6,Fitzwilliam J,17,Ingram O,12,Fitzwilliam E,13,Radcliffe L
James,Torres,Marlowe S,Kingsley D,11,12,Fitzwilliam E,11,Wainwright J,7,Ashford S,13,Radcliffe L
Nora,Roberts,Vance J,Kingsley H,11,24,Blackwood I,33,Langley G,21,Fairfax O,40,Montgomery O
Joseph,Johnson,Marlowe B,Ellsworth G,11,12,Fitzwilliam E,23,Ravenscroft A,22,Ellsworth G,20,Fairfax R
Joseph,Torres,Davenport W,Fitzwilliam J,11,5,Tennyson C,12,Fitzwilliam E,17,Ingram O,13,Radcliffe L
Harper,Thomas,Vance J,Ormsby M,11,29,Montgomery C,26,Whitmore C,34,Rutherford E,31,Galloway J
Aiden,Gonzalez,Montgomery O,Ainsworth G,11,12,Fitzwilliam E,18,Kingsley H,20,Fairfax R,11,Wainwright J
Noah,Martinez,Ellsworth G,Yardley A,11,17,Ingram O,19,Montgomery C,15,Haverford G,11,Wainwright J
Scarlett,Wilson,Marlowe S,Marlowe S,11,5,Tennyson C,34,Rutherford E,23,Ravenscroft A,18,Kingsley H
Sophia,Roberts,Ravenscroft S,Davenport W,11,36,Kingsley D,32,Ravenscroft S,23,Ravenscroft A,33,Langley G
Ethan,Williams,Langley G,Galloway J,11,36,Kingsley D,23,Ravenscroft A,35,Vance J,18,Kingsley H
Aiden,King,Beaumont S,Eversley A,11,28,Ainsworth G,38,Marlowe S,30,Sinclair J,11,Wainwright J
Mateo,Brown,Rutherford E,Ravenscroft A,11,39,Abernathy S,22,Ellsworth G,15,Haverford G,36,Kingsley D
Amelia,Lopez,Beaumont S,Ingram O,11,6,Fitzwilliam J,13,Radcliffe L,16,Ormsby M,20,Fairfax R
Scarlett,Hall,Kingsley O,Montgomery C,11,18,Kingsley H,14,Beaumont S,20,Fairfax R,12,Fitzwilliam E
Lucas,Thompson,Sinclair J,Yardley A,11,12,Fitzwilliam E,13,Radcliffe L,30,Sinclair J,17,Ingram O
Elijah,Torres,Sinclair J,Beaumont S,11,36,Kingsley D,18,Kingsley H,33,Langley G,22,Ellsworth G
James,Torres,Fitzwilliam J,Montgomery C,11,12,Fitzwilliam E,16,Ormsby M,11,Wainwright J,15,Haverford G
Ella,Roberts,Sinclair J,Kingsley H,11,20,Fairfax R,3,Kingsley O,29,Montgomery C,12,Fitzwilliam E
Ellie,Roberts,Greystone M,Montgomery O,11,18,Kingsley H,19,Montgomery C,14,Beaumont S,28,Ainsworth G
Amelia,Hill,Greystone M,Greystone O,11,26,Whitmore C,21,Fairfax O,13,Radcliffe L,18,Kingsley H
Jack,Carter,Ellsworth G,Kingsley H,11,29,Montgomery C,35,Vance J,38,Marlowe S,23,Ravenscroft A
Levi,Hernandez,Whitmore H,Tennyson C,11,15,Haverford G,21,Fairfax O,31,Galloway J,41,Whitmore H
Zoey,Martin,Blackwood I,Montgomery C,11,13,Radcliffe L,15,Haverford G,20,Fairfax R,11,Wainwright J
Ava,Young,Radcliffe L,Greystone O,11,35,Vance J,12,Fitzwilliam E,11,Wainwright J,37,Davenport W
Aiden,Walker,Tennyson C,Montgomery O,11,30,Sinclair J,38,Marlowe S,40,Montgomery O,36,Kingsley D
Ethan,Gonzalez,Kingsley H,Sinclair J,11,41,Whitmore H,15,Haverford G,25,Ravenscroft S,33,Langley G
Samuel,Lewis,Fairfax O,Langley G,11,29,Montgomery C,40,Montgomery O,31,Galloway J,36,Kingsley D
Sophia,Baker,Kingsley H,Montgomery C,11,32,Ravenscroft S,40,Montgomery O,35,Vance J,19,Montgomery C
Olivia,Rodriguez,Vance J,Marlowe S,12,29,Montgomery C,15,Haverford G,18,Kingsley H,25,Ravenscroft S
Wyatt,Allen,Eversley A,Langley G,12,16,Ormsby M,17,Ingram O,12,Fitzwilliam E,13,Radcliffe L
Mila,Williams,Fairfax R,Abernathy S,12,27,Underwood M,13,Radcliffe L,12,Fitzwilliam E,29,Montgomery C
Levi,Carter,Ormsby M,Marlowe B,12,13,Radcliffe L,28,Ainsworth G,19,Montgomery C,25,Ravenscroft S
Chloe,Thompson,Greystone O,Ashford S,12,40,Montgomery O,27,Underwood M,12,Fitzwilliam E,22,Ellsworth G
Sebastian,Green,Sinclair J,Montgomery O,12,13,Radcliffe L,14,Beaumont S,15,Haverford G,11,Wainwright J
Ava,Thomas,Wainwright J,Ainsworth G,12,28,Ainsworth G,13,Radcliffe L,19,Montgomery C,12,Fitzwilliam E
Amelia,Martinez,Fitzwilliam J,Whitmore C,12,11,Wainwright J,36,Kingsley D,12,Fitzwilliam E,21,Fairfax O
Olivia,Mitchell,Fitzwilliam J,Fitzwilliam J,12,25,Ravenscroft S,33,Langley G,31,Galloway J,35,Vance J
Daniel,Baker,Davenport W,Haverford G,12,11,Wainwright J,18,Kingsley H,17,Ingram O,16,Ormsby M
Samuel,Perez,Radcliffe L,Fairfax O,12,11,Wainwright J,18,Kingsley H,15,Haverford G,14,Beaumont S
Camila,Young,Fairfax R,Fitzwilliam E,12,17,Ingram O,13,Radcliffe L,14,Beaumont S,20,Fairfax R
Charlotte,Sanchez,Sinclair J,Abernathy S,12,18,Kingsley H,14,Beaumont S,15,Haverford G,25,Ravenscroft S
Aria,Hill,Sinclair J,Davenport W,12,23,Ravenscroft A,24,Blackwood I,40,Montgomery O,28,Ainsworth G
Gianna,Harris,Ravenscroft A,Fitzwilliam J,11,10,Greystone O,3,Kingsley O,1,Marlowe B,8,Yardley A
Sebastian,Wright,Marlowe B,Yardley A,12,16,Ormsby M,18,Kingsley H,20,Fairfax R,12,Fitzwilliam E
Layla,Baker,Davenport W,Blackwood I,12,18,Kingsley H,14,Beaumont S,15,Haverford G,19,Montgomery C
Jack,Williams,Ravenscroft S,Quincy B,11,6,Fitzwilliam J,4,Eversley A,1,Marlowe B,3,Kingsley O
Luna,Lopez,Montgomery C,Greystone M,12,20,Fairfax R,16,Ormsby M,17,Ingram O,13,Radcliffe L
Ava,Roberts,Rutherford E,Fitzwilliam E,12,13,Radcliffe L,16,Ormsby M,20,Fairfax R,17,Ingram O
William,Lee,Marlowe S,Montgomery O,12,21,Fairfax O,14,Beaumont S,37,Davenport W,41,Whitmore H
Layla,Hill,Fairfax O,Haverford G,12,23,Ravenscroft A,18,Kingsley H,38,Marlowe S,16,Ormsby M
Ethan,White,Haverford G,Montgomery C,12,23,Ravenscroft A,28,Ainsworth G,22,Ellsworth G,15,Haverford G
Olivia,Wilson,Quincy B,Montgomery C,12,25,Ravenscroft S,24,Blackwood I,38,Marlowe S,17,Ingram O
Harper,Thompson,Ellsworth G,Haverford G,12,16,Ormsby M,24,Blackwood I,21,Fairfax O,13,Radcliffe L
William,Lewis,Greystone O,Blackwood I,12,18,Kingsley H,25,Ravenscroft S,21,Fairfax O,15,Haverford G
Charlotte,King,Ormsby M,Ellsworth G,12,14,Beaumont S,28,Ainsworth G,17,Ingram O,15,Haverford G
Ava,Roberts,Kingsley O,Whitmore H,12,13,Radcliffe L,23,Ravenscroft A,25,Ravenscroft S,24,Blackwood I
Nora,Walker,Yardley A,Greystone M,12,14,Beaumont S,37,Davenport W,18,Kingsley H,41,Whitmore H
Aria,Wright,Wainwright J,Fairfax R,12,25,Ravenscroft S,24,Blackwood I,19,Montgomery C,21,Fairfax O
Mia,Davis,Abernathy S,Abernathy S,12,16,Ormsby M,19,Montgomery C,41,Whitmore H,39,Abernathy S
Mateo,Jackson,Ormsby M,Greystone O,12,21,Fairfax O,26,Whitmore C,27,Underwood M,41,Whitmore H
Samuel,Robinson,Montgomery C,Kingsley O,12,41,Whitmore H,13,Radcliffe L,35,Vance J,30,Sinclair J
Ethan,Perez,Montgomery C,Ravenscroft S,12,20,Fairfax R,13,Radcliffe L,19,Montgomery C,15,Haverford G
James,Harris,Kingsley H,Ravenscroft S,12,24,Blackwood I,21,Fairfax O,20,Fairfax R,15,Haverford G
Scarlett,Ramirez,Blackwood I,Eversley A,12,21,Fairfax O,25,Ravenscroft S,40,Montgomery O,28,Ainsworth G
Lucas,Harris,Montgomery C,Montgomery C,12,16,Ormsby M,19,Montgomery C,14,Beaumont S,13,Radcliffe L
Emma,Smith,Kingsley O,Ravenscroft A,11,4,Eversley A,3,Kingsley O,7,Ashford S,1,Marlowe B
Lily,Torres,Ormsby M,Ainsworth G,12,35,Vance J,27,Underwood M,34,Rutherford E,36,Kingsley D
Riley,Robinson,Ashford S,Montgomery O,11,5,Tennyson C,3,Kingsley O,7,Ashford S,1,Marlowe B
Gianna,Carter,Davenport W,Abernathy S,12,27,Underwood M,32,Ravenscroft S,23,Ravenscroft A,30,Sinclair J
Chloe,Lopez,Montgomery C,Radcliffe L,12,17,Ingram O,13,Radcliffe L,16,Ormsby M,14,Beaumont S
Liam,Perez,Yardley A,Tennyson C,12,23,Ravenscroft A,24,Blackwood I,16,Ormsby M,21,Fairfax O
Elijah,King,Sinclair J,Haverford G,12,39,Abernathy S,33,Langley G,22,Ellsworth G,20,Fairfax R
Zoey,Sanchez,Ravenscroft A,Ashford S,11,20,Fairfax R,19,Montgomery C,15,Haverford G,1,Marlowe B
Emma,Johnson,Ainsworth G,Montgomery C,12,32,Ravenscroft S,23,Ravenscroft A,20,Fairfax R,14,Beaumont S
Aiden,Nguyen,Whitmore H,Wainwright J,12,21,Fairfax O,23,Ravenscroft A,18,Kingsley H,20,Fairfax R
Harper,Mitchell,Yardley A,Ingram O,12,23,Ravenscroft A,40,Montgomery O,37,Davenport W,27,Underwood M
Harper,Adams,Rutherford E,Ravenscroft S,12,32,Ravenscroft S,21,Fairfax O,26,Whitmore C,14,Beaumont S
Scarlett,Hall,Ellsworth G,Ainsworth G,12,41,Whitmore H,35,Vance J,21,Fairfax O,14,Beaumont S
Zoey,Roberts,Whitmore H,Sinclair J,12,39,Abernathy S,22,Ellsworth G,16,Ormsby M,14,Beaumont S
Amelia,Robinson,Radcliffe L,Greystone M,12,36,Kingsley D,41,Whitmore H,18,Kingsley H,20,Fairfax R
Mia,Jones,Yardley A,Haverford G,12,27,Underwood M,29,Montgomery C,17,Ingram O,32,Ravenscroft S
Henry,Hill,Kingsley H,Greystone M,12,25,Ravenscroft S,39,Abernathy S,34,Rutherford E,13,Radcliffe L
Isabella,Miller,Underwood M,Davenport W,11,11,Wainwright J,19,Montgomery C,16,Ormsby M,1,Marlowe B
Ella,Roberts,Fitzwilliam J,Quincy B,12,21,Fairfax O,38,Marlowe S,23,Ravenscroft A,31,Galloway J
Scarlett,Scott,Blackwood I,Fitzwilliam E,12,32,Ravenscroft S,25,Ravenscroft S,17,Ingram O,35,Vance J
Luna,Young,Ravenscroft S,Eversley A,12,28,Ainsworth G,36,Kingsley D,39,Abernathy S,38,Marlowe S
Ella,Perez,Kingsley H,Montgomery C,12,29,Montgomery C,22,Ellsworth G,16,Ormsby M,28,Ainsworth G
Ava,Martinez,Ellsworth G,Ellsworth G,11,20,Fairfax R,17,Ingram O,11,Wainwright J,1,Marlowe B
Joseph,Anderson,Davenport W,Blackwood I,11,17,Ingram O,19,Montgomery C,14,Beaumont S,1,Marlowe B
Jackson,Clark,Montgomery C,Vance J,12,29,Montgomery C,27,Underwood M,40,Montgomery O,14,Beaumont S
Mateo,Harris,Rutherford E,Montgomery C,11,20,Fairfax R,14,Beaumont S,17,Ingram O,1,Marlowe B
Mia,Nelson,Ingram O,Montgomery C,12,32,Ravenscroft S,34,Rutherford E,36,Kingsley D,35,Vance J
Olivia,Hernandez,Yardley A,Abernathy S,12,26,Whitmore C,22,Ellsworth G,29,Montgomery C,27,Underwood M
William,Johnson,Ainsworth G,Montgomery C,12,30,Sinclair J,41,Whitmore H,21,Fairfax O,18,Kingsley H
Chloe,Anderson,Montgomery C,Kingsley O,12,35,Vance J,24,Blackwood I,38,Marlowe S,18,Kingsley H
Samuel,Thompson,Yardley A,Fairfax O,11,16,Ormsby M,14,Beaumont S,20,Fairfax R,1,Marlowe B
Mia,Sanchez,Whitmore H,Beaumont S,12,11,Wainwright J,1,Marlowe B,17,Ingram O,12,Fitzwilliam E
Grace,Mitchell,Tennyson C,Marlowe B,12,17,Ingram O,15,Haverford G,1,Marlowe B,13,Radcliffe L
Ella,Wright,Radcliffe L,Kingsley O,11,5,Tennyson C,7,Ashford S,1,Marlowe B,1,Marlowe B
Jackson,Martin,Eversley A,Abernathy S,12,14,Beaumont S,18,Kingsley H,20,Fairfax R,1,Marlowe B
Mia,Davis,Ravenscroft S,Fairfax R,12,18,Kingsley H,16,Ormsby M,11,Wainwright J,1,Marlowe B
Evelyn,Rodriguez,Whitmore H,Ravenscroft S,11,8,Yardley A,1,Marlowe B,7,Ashford S,1,Marlowe B
Wyatt,Perez,Ravenscroft A,Wainwright J,12,24,Blackwood I,31,Galloway J,14,Beaumont S,1,Marlowe B
Logan,Sanchez,Montgomery C,Fairfax O,12,16,Ormsby M,1,Marlowe B,14,Beaumont S,15,Haverford G
Liam,Wright,Ashford S,Yardley A,12,17,Ingram O,19,Montgomery C,1,Marlowe B,13,Radcliffe L
Scarlett,Gonzalez,Haverford G,Abernathy S,11,8,Yardley A,3,Kingsley O,1,Marlowe B,1,Marlowe B
Oliver,Nguyen,Yardley A,Kingsley O,12,11,Wainwright J,1,Marlowe B,17,Ingram O,14,Beaumont S
William,Harris,Rutherford E,Montgomery C,11,5,Tennyson C,3,Kingsley O,1,Marlowe B,1,Marlowe B
Ellie,White,Greystone O,Ravenscroft S,11,20,Fairfax R,17,Ingram O,1,Marlowe B,1,Marlowe B
Camila,Torres,Fitzwilliam E,Eversley A,12,11,Wainwright J,19,Montgomery C,17,Ingram O,1,Marlowe B
Isabella,Thompson,Fairfax O,Fitzwilliam E,11,13,Radcliffe L,18,Kingsley H,1,Marlowe B,1,Marlowe B
Sophia,Baker,Montgomery C,Ainsworth G,11,3,Kingsley O,17,Ingram O,1,Marlowe B,1,Marlowe B
Sophia,Harris,Greystone M,Marlowe S,12,41,Whitmore H,26,Whitmore C,1,Marlowe B,19,Montgomery C
Emma,Lopez,Yardley A,Fairfax O,12,11,Wainwright J,1,Marlowe B,16,Ormsby M,19,Montgomery C
Camila,Martin,Fitzwilliam E,Ravenscroft A,12,32,Ravenscroft S,36,Kingsley D,41,Whitmore H,1,Marlowe B
Alexander,Campbell,Galloway J,Marlowe S,12,11,Wainwright J,13,Radcliffe L,1,Marlowe B,1,Marlowe B
Elijah,Anderson,Wainwright J,Fairfax O,12,20,Fairfax R,1,Marlowe B,1,Marlowe B,15,Haverford G
Liam,Martinez,Underwood M,Fitzwilliam J,12,1,Marlowe B,13,Radcliffe L,14,Beaumont S,1,Marlowe B
Logan,Davis,Fairfax R,Ravenscroft S,12,18,Kingsley H,16,Ormsby M,1,Marlowe B,1,Marlowe B
Layla,Adams,Abernathy S,Ellsworth G,12,11,Wainwright J,1,Marlowe B,14,Beaumont S,1,Marlowe B
Riley,Walker,Ashford S,Haverford G,12,17,Ingram O,1,Marlowe B,16,Ormsby M,1,Marlowe B
Ava,Taylor,Greystone M,Quincy B,12,1,Marlowe B,13,Radcliffe L,16,Ormsby M,1,Marlowe B
Sophia,Lee,Marlowe S,Underwood M,11,6,Fitzwilliam J,1,Marlowe B,1,Marlowe B,1,Marlowe B
Sebastian,Flores,Ravenscroft A,Underwood M,11,1,Marlowe B,3,Kingsley O,1,Marlowe B,1,Marlowe B
Ethan,Moore,Vance J,Davenport W,12,1,Marlowe B,1,Marlowe B,18,Kingsley H,14,Beaumont S
William,Davis,Yardley A,Vance J,12,1,Marlowe B,1,Marlowe B,18,Kingsley H,14,Beaumont S
William,Moore,Ellsworth G,Fitzwilliam J,12,1,Marlowe B,1,Marlowe B,19,Montgomery C,14,Beaumont S
Ellie,Clark,Ashford S,Kingsley H,12,1,Marlowe B,1,Marlowe B,19,Montgomery C,18,Kingsley H
Charlotte,Harris,Fairfax R,Eversley A,12,11,Wainwright J,1,Marlowe B,18,Kingsley H,1,Marlowe B
Alexander,Lee,Ellsworth G,Greystone O,12,29,Montgomery C,1,Marlowe B,1,Marlowe B,17,Ingram O
Samuel,Johnson,Kingsley O,Whitmore C,12,1,Marlowe B,1,Marlowe B,19,Montgomery C,1,Marlowe B
Mia,Taylor,Tennyson C,Vance J,11,1,Marlowe B,1,Marlowe B,1,Marlowe B,1,Marlowe B
Oliver,Clark,Montgomery C,Beaumont S,12,1,Marlowe B,1,Marlowe B,1,Marlowe B,1,Marlowe B
Jack,Jackson,Blackwood I,Blackwood I,12,1,Marlowe B,1,Marlowe B,1,Marlowe B,1,Marlowe B
Oliver,Martin,Marlowe S,Galloway J,12,1,Marlowe B,1,Marlowe B,1,Marlowe B,1,Marlowe B
Henry,Perez,Marlowe B,Kingsley O,12,1,Marlowe B,1,Marlowe B,1,Marlowe B,1,Marlowe B
Jackson,Wilson,Yardley A,Fitzwilliam J,12,1,Marlowe B,1,Marlowe B,1,Marlowe B,1,Marlowe B
Scarlett,Lee,Kingsley O,Montgomery C,12,1,Marlowe B,1,Marlowe B,1,Marlowe B,1,Marlowe B
Camila,Hill,Montgomery O,Vance J,12,1,Marlowe B,1,Marlowe B,1,Marlowe B,1,Marlowe B
Lily,Gonzalez,Galloway J,Montgomery C,12,1,Marlowe B,1,Marlowe B,1,Marlowe B,1,Marlowe B
Wyatt,Lee,Sinclair J,Montgomery C,12,1,Marlowe B,1,Marlowe B,1,Marlowe B,1,Marlowe B
Sophia,Adams,Montgomery C,Haverford G,12,1,Marlowe B,1,Marlowe B,1,Marlowe B,1,Marlowe B
Harper,Nguyen,Montgomery O,Vance J,12,1,Marlowe B,1,Marlowe B,1,Marlowe B,1,Marlowe B
Noah,Carter,Tennyson C,Abernathy S,12,1,Marlowe B,1,Marlowe B,1,Marlowe B,1,Marlowe B
Sebastian,Scott,Montgomery C,Whitmore C,12,1,Marlowe B,1,Marlowe B,1,Marlowe B,1,Marlowe B
Chloe,Rivera,Rutherford E,Montgomery O,12,1,Marlowe B,1,Marlowe B,1,Marlowe B,1,Marlowe B
Samuel,Hall,Ellsworth G,Ravenscroft S,12,1,Marlowe B,1,Marlowe B,1,Marlowe B,1,Marlowe B
Sophia,Brown,Beaumont S,Fitzwilliam E,12,1,Marlowe B,1,Marlowe B,1,Marlowe B,1,Marlowe B
